Agazzano,0.019379,0.227614,0.001476,0.000432,0.000547,0.007818,0.007419,0.024723,0.082726,0.019211,0.05013,0.179266,0.124571,0.037687,0.044049,0.044983,0.011062,0.068831,0.086758,cluster1
Alseno,0.029524,0.558442,0.03879,0.02532,0.009936,0.034355,0.065828,0.041574,0.108069,0.078463,0.043647,0.061195,0.093714,0.054478,0.061387,0.109468,0.039086,0.059091,0.009132,cluster2
Besenzone,0.013219,0.44771,0.001804,0.023446,0.028108,0.076964,0.076836,0.009876,0.045878,0,0.016422,0.050396,0.122286,0.016791,0.010778,0.013212,0.00295,0.07013,0,cluster1
Bettola,0.00699,0.454545,0.015171,0.004516,0.006393,0.01158,0.010853,0.033492,0.233032,0,0.011236,0.082073,0.218286,0.117164,0.177601,0.186222,0.036136,0.097403,0.077626,cluster3
Bobbio,0.011014,0.263841,0.004346,0.001802,0.006221,0.012729,0.011572,0.031733,0.28095,0.019818,0.060933,0.285817,0.648,0.129851,0.119963,0.188109,0.059735,0.037013,0.03653,cluster6
'Borgonovo Val Tidone',0.054916,0.218045,0.025586,0.002955,0.003888,0.012417,0.010882,0.04335,0.122633,0.032356,0.377701,0.308135,0.132571,0.072761,0.198219,0.131488,0.042035,0.126623,0.013699,cluster1
Cadeo,0.055936,0.298701,0.019846,0.089725,0.0921,0.029891,0.083719,0.018358,0.042965,0.046309,0.285653,0.084233,0.068571,0.030224,0.064199,0.154766,0.109882,0.09026,0.022831,cluster1
Calendasco,0.022886,0.181818,0.030589,0.058231,0.044985,0.093899,0.118056,0.148641,0.116371,0.000809,0,0.180706,0.115429,0.027239,0.054827,0.026109,0.007375,0.027273,0,cluster1
Caorso,0.040579,0.200273,0.022798,0.115838,0.130663,0.111615,0.130606,0.10987,0.142004,0.060667,0.002161,0.044636,0.179429,0.103731,0.097938,0.062598,0.024336,0.099351,0.045662,cluster1
'Carpaneto Piacentino',0.043121,0.388927,0.012055,0.005093,0.007142,0.027603,0.023619,0.063992,0.151762,0.058443,0.189283,0.209503,0.187429,0.058955,0.109185,0.199434,0.030973,0.126623,0.068493,cluster1
'Castell Arquato',0.030484,0.507861,0.015909,0.0086,0.026611,0.018026,0.013535,0.028108,0.137052,0.035592,0.237252,0.393089,0.288,0.057836,0.080131,0.205725,0.065634,0.117532,0.041096,cluster7
'Castel San Giovanni',0.111635,0.203691,0.164671,0.139669,0.014083,0.032628,0.064892,0.05493,0.306874,0.107988,0.145203,0.183585,0.197714,0.179478,0.280225,0.23498,0.112094,0.315584,0.200913,cluster1
'Castelvetro Piacentino',0.053766,0.174299,0.019928,0.134048,0.160816,0.112655,0.112345,0.097602,0.142441,0.013751,0.151685,0.107271,0.205714,0.110448,0.114339,0.033029,0.004425,0.151948,0.091324,cluster1
Cerignale,0.000289,0.297334,0,0,0.000058,0.003298,0.003114,0.01038,0.029566,0.004044,0.05229,0.111591,0.069714,0.017537,0.011246,0.028311,0.005162,0.019481,0.009132,cluster1
Coli,0.003245,0.311005,0.003854,0.001682,0.004262,0.003325,0.003117,0.009575,0.111564,0.031345,0.050562,0.165587,0.237714,0.049254,0.059513,0.124567,0.026549,0.055844,0.004566,cluster1
'Corte Brugnatella',0.00337,0.2946,0.006315,0.00185,0.003139,0.00564,0.005517,0.018387,0.062627,0.008696,0.059205,0.059755,0.058286,0.028731,0.044049,0.066059,0.019912,0.076623,0.041096,cluster1
Cortemaggiore,0.045176,0.322625,0.020584,0.107046,0.123348,0.080207,0.117023,0.056043,0.140985,0.019211,0.044512,0.286537,0.12,0.068657,0.070759,0.132746,0.032448,0.05,0.050228,cluster1
Farini,0.002698,0.607656,0.003034,0.000889,0.001382,0.006645,0.005654,0.018846,0.140402,0.001213,0.350908,0.661627,0.362286,0.045149,0.075914,0.190941,0.042035,0.127922,0.200913,cluster5
Ferriere,0.001352,0.604921,0.0041,0.001201,0.003802,0.00917,0.008524,0.028411,0.266531,0.016582,0.252377,0.775378,0.601143,0.110821,0.14433,0.401699,0.231563,0.093506,0.03653,cluster6
'Fiorenzuola d Arda',0.091145,0.477102,0.144907,0.067648,0.117962,0.053342,0.111602,0.016017,0.200553,0.131648,0.02204,0.229662,0.332571,0.109701,0.208997,0.249764,0.278024,0.207143,0.26484,cluster0
Gazzola,0.015509,0.237867,0.014597,0.001946,0.002678,0.014784,0.011278,0.040904,0.148267,0.001213,0.09637,0.046796,0.092571,0.021269,0.035614,0.081472,0.004425,0.09026,0.031963,cluster1
Gossolengo,0.064478,0.228298,0.004838,0.001513,0.002707,0.021444,0.012781,0.034035,0.079231,0.014965,0.081245,0.098632,0.056,0.024627,0.034677,0.099402,0.044985,0.016883,0,cluster1
'Gragnano Trebbiense',0.046842,0.220096,0.005659,0.001802,0.004925,0.022973,0.016196,0.045549,0.115351,0.017998,0.069576,0.091433,0.038857,0.03097,0.063261,0.047814,0.026549,0.065584,0.013699,cluster1
Gropparello,0.013387,0.403964,0.006643,0.001946,0.009072,0.007832,0.005073,0.016908,0.197786,0.018402,0.016854,0.144708,0.357714,0.1,0.128397,0.114187,0.018437,0.111039,0.155251,cluster1
'Lugagnano Val d Arda',0.025243,0.477102,0.010579,0.003099,0.012067,0.013009,0.010509,0.031204,0.141421,0.017391,0.170268,0.174946,0.187429,0.092164,0.108716,0.138094,0.022124,0.090909,0.050228,cluster1
'Monticelli d Ongina',0.040055,0.174299,0.016237,0.129267,0.156323,0.148902,0.148329,0.173657,0.187445,0.08271,0.014261,0.12095,0.342857,0.125373,0.162605,0.066373,0.014749,0.208442,0.246575,cluster1
Morfasso,0.00303,0.613807,0.001148,0.000336,0.000403,0.003045,0.003039,0.010129,0.141858,0.039232,0.005618,0.074874,0.469714,0.175,0.063261,0.182762,0.036873,0.14026,0.716895,cluster5
Ottone,0.000654,0.320574,0.00328,0.000961,0.004752,0.005282,0.004714,0.015712,0.170987,0.00182,0.000864,0.388769,0.411429,0.068284,0.011246,0.117962,0.026549,0.075974,0.018265,cluster1
'Pianello Val Tidone',0.021071,0.228298,0.016976,0.004973,0.03885,0.008988,0.006025,0.02008,0.09598,0.037614,0.021175,0.175666,0.235429,0.036567,0.050141,0.126455,0.056785,0.087013,0.114155,cluster1
Piozzano,0.004015,0.238551,0.002214,0.000649,0.002592,0.003115,0.002679,0.008928,0.056073,0.019211,0.000432,0.073434,0.141714,0.020896,0.030459,0.048128,0.001475,0.055844,0.004566,cluster1
Podenzano,0.073328,0.255639,0.003936,0.000312,0.004003,0.023838,0.004799,0.012476,0.106321,0.180182,0.041487,0.165587,0.117714,0.068284,0.149016,0.115445,0.042773,0.053247,0,cluster1
'Ponte dell Olio',0.037423,0.30622,0.003444,0.00173,0.013248,0.013762,0.008766,0.025943,0.075736,0.032154,0.419188,0.2527,0.245714,0.064179,0.12746,0.150676,0.070796,0.131818,0.045662,cluster1
Pontenure,0.068185,0.246753,0.001722,0.038749,0.002736,0.014388,0.053311,0.015456,0.097582,0.029727,0.105877,0.066955,0.066286,0.04291,0.109185,0.144385,0.062684,0.075325,0.100457,cluster1
Rivergaro,0.057067,0.260424,0.012465,0.002114,0.005645,0.009775,0.009164,0.022538,0.082872,0.287159,0.053587,0.164147,0.129143,0.048134,0.118557,0.229003,0.096608,0.157792,0.03653,cluster1
Rottofreno,0.124332,0.198906,0.005577,0.052874,0.055352,0.046861,0.069404,0.066523,0.177687,0.033569,0.15255,0.084233,0.115429,0.061194,0.137769,0.182762,0.105457,0.153896,0.077626,cluster1
'San Giorgio Piacentino',0.040492,0.297334,0.004838,0.002258,0.034502,0.026961,0.013762,0.031365,0.156423,0.051769,0.04408,0.146148,0.224,0.060075,0.078257,0.101604,0.023599,0.114935,0.041096,cluster1
'San Pietro in Cerro',0.009874,0.252905,0.020256,0.022245,0.021484,0.067573,0.087741,0.063201,0.049228,0.000607,0.000864,0.12167,0.060571,0.006716,0.008435,0,0,0.103247,0.004566,cluster1
Sarmato,0.03654,0.203008,0.00328,0.059553,0.000605,0.037511,0.057958,0.084489,0.0418,0.025683,0.187122,0.046076,0.046857,0.018284,0.045455,0.056622,0.011799,0.064286,0.041096,cluster1
Travo,0.008302,0.266576,0.004346,0.00173,0.003715,0.015388,0.014462,0.042585,0.126857,0.093023,0.085134,0.139669,0.548571,0.105597,0.092784,0.135577,0.031711,0.105195,0.068493,cluster1
Vernasca,0.009194,0.576213,0.002706,0.000793,0.002822,0.013223,0.009562,0.031561,0.219924,0.029727,0.032844,0.293737,0.294857,0.104851,0.109185,0.095313,0.017699,0.215584,0.26484,cluster0
Vigolzone,0.035736,0.270677,0.003772,0.001561,0.005472,0.018361,0.011874,0.03242,0.094378,0.101517,0.028954,0.191505,0.132571,0.045149,0.074508,0.112299,0.051622,0.115584,0.041096,cluster1
'Villanova sull Arda',0.015913,0.30622,0.008857,0.046484,0.055756,0.117517,0.117281,0.083311,0.059569,0.010516,0.044944,0.066235,0.126857,0.017164,0.040769,0.041837,0.00885,0,0.059361,cluster1
Zerba,0,0.253589,0,0,0,0.002085,0.002061,0.00687,0.0552,0.000809,0.001296,0.12959,0.069714,0.026866,0.002343,0.02548,0.001475,0.02013,0.004566,cluster1
'Ziano Piacentino',0.02669,0.217362,0,0,0,0.001389,0.001316,0.004386,0.196767,0.001618,0.105445,0.319654,0.406857,0.104478,0.094189,0.205411,0.053835,0.203247,0.118721,cluster1
'Alta Val Tidone',0.009775,0.219412,0.014515,0.004612,0.027993,0.013736,0.009664,0.032084,0.382901,0.026289,0.062662,0.566595,0.676571,0.207836,0.179007,0.381881,0.054572,0.227922,0.388128,cluster6
Albareto,0.00634,0.933698,0.015253,0.005958,0.010656,0.019197,0.015166,0.044969,0.161375,0.084732,0.011668,0.141109,0.429714,0.095522,0.101218,0.106952,0.019174,0.151299,0.123288,cluster4
Bardi,0.002982,0.909774,0.002214,0.000745,0.002678,0.015271,0.013518,0.036979,0.206379,0.000809,0.302506,0.520518,0.994286,0.087687,0.057638,0.212645,0.053835,0.146753,1,cluster5
Bedonia,0.005993,0.885167,0.013449,0.005717,0.02183,0.013117,0.010008,0.029806,0.215264,0.005258,0.420916,0.403888,0.761143,0.175373,0.17104,0.18056,0.063422,0.27013,0.287671,cluster5
Berceto,0.004392,0.931647,0.007053,0.002282,0.005789,0.010476,0.009014,0.024963,0.15118,0.012538,0.268799,0.62851,0.296,0.068284,0.045455,0.206983,0.09292,0.187013,0.383562,cluster5
Bore,0.004877,0.630895,0.000082,0.000024,0.000029,0.001979,0.001735,0.005624,0.020973,0.011729,0.283924,0.053996,0.224,0.048881,0.045455,0.092796,0.018437,0.09026,0.105023,cluster0
'Borgo Val di Taro',0.015313,0.9419,0.105462,0.0332,0.08922,0.015308,0.012929,0.033478,0.268278,0.010313,0.212187,0.334053,0.403429,0.067164,0.182755,0.20604,0.122419,0.287662,0.292237,cluster5
Busseto,0.031565,0.537936,0.106446,0.169193,0.084613,0.120146,0.24575,0.327627,0.206962,0.057634,0.004754,0.204464,0.245714,0.076119,0.130272,0.206669,0.065634,0.162987,0.182648,cluster2
Calestano,0.012366,0.674641,0.006643,0.00466,0.025862,0.008987,0.006578,0.019586,0.084183,0.028311,0.098963,0.311735,0.186286,0.015672,0.025773,0.148474,0.05826,0.02987,0.018265,cluster0
Collecchio,0.088676,0.62406,0.009677,0.005045,0.018,0.04328,0.026652,0.062541,0.232304,0.056623,0.10847,0.225342,0.195429,0.05709,0.19119,0.319597,0.20649,0.119481,0.077626,cluster0
Colorno,0.066405,0.209159,0.055601,0.213419,0.25689,0.155575,0.155165,0.126058,0.178707,0.078868,0.00605,0.329014,0.198857,0.058582,0.125586,0.183706,0.113569,0.185065,0.127854,cluster1
Compiano,0.009364,0.91866,0.000738,0.000432,0.005645,0.004079,0.002614,0.006117,0.068453,0.050758,0.003025,0.228942,0.166857,0.010448,0.042174,0.05788,0.011799,0.088312,0.196347,cluster4
Corniglio,0.002908,0.949419,0.001312,0.00048,0.000893,0.011708,0.010951,0.03396,0.311681,0.000202,0.014693,0.451404,0.427429,0.102239,0.106842,0.158226,0.022124,0.131818,0.082192,cluster5
Felino,0.08241,0.628161,0.012383,0.006414,0.020332,0.012444,0.005633,0.01656,0.104865,0.014965,0.33535,0.275738,0.227429,0.043657,0.084817,0.231205,0.151917,0.138961,0.086758,cluster0
Fidenza,0.10097,0.614491,0.239872,0.124607,0.1516,0.081485,0.155922,0.144466,0.154821,0.607685,0.024633,0.221742,0.394286,0.336567,0.518276,0.520604,0.424041,0.25,0.109589,cluster7
Fontanellato,0.045909,0.57553,0.102427,0.167031,0.015667,0.04307,0.173078,0.128028,0.133557,0.067543,0.092048,0.261339,0.244571,0.060448,0.092784,0.224913,0.09882,0.138961,0.232877,cluster0
Fontevivo,0.076823,0.559809,0.033049,0.130132,0.049564,0.030608,0.082983,0.033581,0.096708,0.062892,0.021608,0.12023,0.090286,0.034328,0.089503,0.103492,0.056047,0.074026,0.050228,cluster0
'Fornovo di Taro',0.036541,0.639098,0.033213,0.022966,0.03551,0.022128,0.020616,0.053101,0.09365,0.050758,0.119706,0.143269,0.216,0.065299,0.079663,0.122051,0.152655,0.165584,0.086758,cluster0
Langhirano,0.051587,0.643882,0.006151,0.007447,0.112865,0.019545,0.011967,0.026714,0.217448,0.10819,0.210458,0.390209,0.318857,0.073881,0.239925,0.34319,0.153392,0.150649,0.178082,cluster5
'Lesignano de  Bagni',0.036911,0.632946,0.008283,0.00884,0.018057,0.02045,0.015798,0.038113,0.105301,0.094034,0.105877,0.237581,0.094857,0.048507,0.110122,0.11167,0.019912,0.134416,0.013699,cluster0
Medesano,0.042987,0.626111,0.009267,0.004276,0.095211,0.053996,0.025063,0.075512,0.220507,0.103539,0.109334,0.2527,0.225143,0.08209,0.130272,0.319283,0.175516,0.244805,0.210046,cluster0
Mezzani,0.040876,0.222146,0.035181,0.081197,0.097399,0.08883,0.08864,0.199111,0.102971,0.03822,0.043215,0.195104,0.189714,0.071269,0.048266,0.036175,0.008112,0.144805,0.159817,cluster1
'Monchio delle Corti',0.003518,0.948735,0.000246,0.000072,0.000202,0.001319,0.001025,0.003371,0.088552,0.00728,0.229473,0.225342,0.377143,0.058209,0.029522,0.055363,0.011799,0.129221,0.068493,cluster4
Montechiarugolo,0.081079,0.621326,0.008775,0.005982,0.075944,0.042122,0.020377,0.045363,0.148704,0.115875,0.14261,0.221022,0.209143,0.056716,0.162137,0.2095,0.097345,0.125325,0.063927,cluster0
'Neviano degli Arduini',0.011141,0.656186,0.003526,0.001129,0.001843,0.01092,0.009495,0.026368,0.35785,0.001213,0.012965,0.565875,0.331429,0.074254,0.106373,0.291601,0.059735,0.148052,0.045662,cluster5
Noceto,0.058111,0.620643,0.640315,0.190261,0.039254,0.02975,0.05246,0.162953,0.133702,0.063498,0.490925,0.284377,0.437714,0.107836,0.163074,0.301667,0.230826,0.181169,0.050228,cluster2
Palanzano,0.004657,0.898154,0.000738,0.000216,0.001123,0.006015,0.004771,0.014051,0.156277,0.005056,0.004322,0.279338,0.315429,0.041791,0.057638,0.111356,0.016962,0.066883,0.068493,cluster4
'Pellegrino Parmense',0.003388,0.626794,0.00123,0.00036,0.005501,0.004864,0.00223,0.007078,0.10501,0.008291,0.054883,0.088553,0.281143,0.047015,0.066542,0.09028,0.017699,0.113636,0.027397,cluster0
Roccabianca,0.025355,0.289815,0.013203,0.06981,0.088385,0.130033,0.127705,0.128325,0.14783,0.000809,0.005618,0.174226,0.124571,0.035821,0.053889,0.104435,0.012537,0.070779,0.068493,cluster1
'Sala Baganza',0.064861,0.624744,0.002132,0.001658,0.025286,0.011513,0.005602,0.016464,0.09365,0.056218,0.044512,0.141829,0.150857,0.032463,0.051078,0.128657,0.075959,0.049351,0.004566,cluster0
'Salsomaggiore Terme',0.086183,0.617225,0.043136,0.014774,0.22524,0.027173,0.014169,0.027871,0.34416,0.177149,0.221694,0.313175,0.557714,0.227985,0.344892,0.443221,0.638643,0.319481,0.123288,cluster6
'San Secondo Parmense',0.05329,0.408749,0.085944,0.13251,0.145984,0.098726,0.120881,0.157723,0.132246,0.024469,0.148228,0.132469,0.082286,0.056716,0.12746,0.131488,0.034661,0.083766,0.013699,cluster1
Solignano,0.007573,0.723855,0.004674,0.003411,0.006278,0.016346,0.014242,0.040161,0.082872,0.003236,0.097234,0.144708,0.189714,0.034701,0.028585,0.081787,0.022124,0.090909,0.118721,cluster4
Soragna,0.037358,0.486671,0.061096,0.117015,0.140253,0.145604,0.145535,0.133928,0.163268,0.015976,0.024201,0.359971,0.141714,0.027985,0.055295,0.093111,0.029499,0.133766,0.242009,cluster1
Sorbolo,0.086649,0.401914,0.087584,0.23062,0.247703,0.112312,0.126183,0.160187,0.081124,0.18726,0.005618,0.072714,0.225143,0.106343,0.136832,0.234036,0.207965,0.221429,0.127854,cluster2
Terenzo,0.004809,0.698565,0.001394,0.000432,0.000576,0.005748,0.005219,0.015591,0.031605,0.014762,0.240277,0.169906,0.197714,0.021269,0.034208,0.064171,0.019174,0.197403,0.114155,cluster0
'Tizzano Val Parma',0.008444,0.748462,0.000902,0.00048,0.001987,0.006936,0.00589,0.017615,0.196038,0.052578,0.092913,0.365731,0.269714,0.085448,0.149485,0.212331,0.051622,0.148701,0.30137,cluster5
Tornolo,0.004001,0.884484,0.002542,0.000745,0.00095,0.004657,0.004105,0.01137,0.151908,0.008291,0.027226,0.12743,0.278857,0.089925,0.101218,0.106008,0.017699,0.244805,0.13242,cluster4
Torrile,0.074422,0.347915,0.013203,0.179018,0.214786,0.119318,0.119123,0.044491,0.064958,0.090192,0.063526,0.055436,0.049143,0.028358,0.074508,0.142498,0.064897,0.14026,0.136986,cluster1
Traversetolo,0.061211,0.630895,0.028785,0.009945,0.034156,0.036023,0.023318,0.066204,0.15686,0.147219,0.140882,0.226062,0.304,0.072015,0.162137,0.268323,0.137168,0.136364,0.105023,cluster0
Valmozzola,0.001592,0.90499,0.000574,0.000168,0.000202,0.004286,0.004165,0.01277,0.07559,0,0.004754,0.069834,0.036571,0.019403,0.021556,0.049701,0.010324,0.062338,0.009132,cluster4
'Varano de  Melegari',0.013455,0.637047,0.009349,0.004156,0.00887,0.023134,0.021473,0.060306,0.087241,0.026896,0.085134,0.200864,0.106286,0.032836,0.044517,0.161057,0.070059,0.042857,0.105023,cluster0
Varsi,0.004301,0.812714,0.001148,0.00036,0.000432,0.006496,0.006302,0.019204,0.17259,0.002022,0.006482,0.181425,0.307429,0.077239,0.080131,0.134319,0.041298,0.12013,0.232877,cluster0
'Sissa Trecasali',0.037797,0.423787,0.064376,0.191943,0.230136,0.233701,0.233227,0.278462,0.269589,0.062083,0.016422,0.289417,0.376,0.117164,0.129803,0.140296,0.027286,0.250649,0.383562,cluster3
'Polesine Zibello',0.022602,0.250171,0.053469,0.080284,0.09642,0.155889,0.155591,0.290798,0.160647,0.001011,0.051858,0.159827,0.328,0.095522,0.091846,0.117332,0.015487,0.150649,0.200913,cluster1
Albinea,0.071503,0.660287,0.005659,0.160737,0.001123,0.002917,0.063052,0.014326,0.217448,0.025076,0.103717,0.211663,0.105143,0.022388,0.138707,0.276187,0.050885,0.062338,0.03653,cluster0
'Bagnolo in Piano',0.129575,0.592618,0.015335,0.225479,0.007056,0.020779,0.086437,0.030516,0.178707,0.045501,0.031979,0.039597,0.072,0.050746,0.145736,0.167663,0.074484,0.124675,0.141553,cluster0
Baiso,0.014453,0.645933,0.003362,0.001105,0.003082,0.008033,0.006316,0.01813,0.106321,0.020425,0.086863,0.117351,0.115429,0.043657,0.052952,0.115445,0.045723,0.076623,0.009132,cluster0
Bibbiano,0.130168,0.630895,0,0.239388,0,0.000039,0.090361,0.000106,0.20099,0.053387,0.188418,0.231102,0.193143,0.077612,0.18463,0.275558,0.083333,0.12987,0.041096,cluster0
Boretto,0.105431,0.189337,0.020912,0.123598,0.151571,0.058154,0.057685,0.051669,0.131955,0.006269,0.124892,0.12167,0.174857,0.053358,0.080131,0.124253,0.027286,0.072727,0.063927,cluster1
Brescello,0.082975,0.25974,0.008857,0.130612,0.159721,0.077256,0.076825,0.059295,0.108214,0.000607,0.27917,0.074154,0.432,0.118284,0.076851,0.053791,0.009587,0.15974,0.30137,cluster1
'Cadelbosco di Sopra',0.087407,0.5311,0.037641,0.250054,0.289722,0.130476,0.139881,0.086597,0.160501,0.011931,0.205272,0.161267,0.153143,0.05709,0.111528,0.160742,0.042773,0.255844,0.415525,cluster3
'Campagnola Emilia',0.08233,0.54067,0.009349,0.131958,0.115773,0.044426,0.078223,0.032881,0.099767,0.062285,0.028954,0.105112,0.112,0.033955,0.090909,0.124253,0.029499,0.042208,0.082192,cluster0
Campegine,0.080591,0.475735,0.032065,0.122853,0.02278,0.026562,0.072589,0.053347,0.122196,0.008291,0.027226,0.053276,0.126857,0.017537,0.049672,0.094055,0.020649,0.069481,0.041096,cluster1
Carpineti,0.015019,0.656186,0.001148,0.000408,0.001382,0.005254,0.003968,0.010885,0.190213,0.008493,0.189283,0.142549,0.134857,0.060448,0.076382,0.266751,0.108407,0.138312,0.091324,cluster0
Casalgrande,0.183055,0.673958,0.01632,0.430105,0.017971,0.01479,0.102045,0.014527,0.228372,0.089585,0.264045,0.132469,0.234286,0.099627,0.260075,0.323058,0.216814,0.211688,0.214612,cluster7
Casina,0.024272,0.636364,0.003444,0.002474,0.002995,0.002095,0.002074,0.002448,0.202447,0.033771,0.162921,0.156947,0.161143,0.088433,0.143393,0.322114,0.136431,0.262338,0.43379,cluster0
Castellarano,0.094176,0.658237,0.003936,0.001201,0.001987,0.009082,0.006737,0.020753,0.167929,0.044489,0.256266,0.087113,0.129143,0.040299,0.106373,0.253224,0.223451,0.103896,0.09589,cluster0
'Castelnovo di Sotto',0.086091,0.411483,0.022716,0.206453,0.246897,0.110757,0.112347,0.046222,0.193708,0.051972,0.109334,0.193665,0.219429,0.091418,0.177601,0.152249,0.045723,0.07013,0.114155,cluster1
'Castelnovo ne  Monti',0.037967,0.727273,0.002132,0.001321,0.00239,0.006172,0.005896,0.012685,0.202156,0.227705,0.305964,0.357091,0.437714,0.215299,0.239456,0.481913,0.234513,0.235714,0.164384,cluster5
Cavriago,0.209316,0.615174,0,0.232974,0,0,0.054528,0,0.112584,0.070981,0.22299,0.093593,0.150857,0.073134,0.162137,0.231205,0.106195,0.116883,0.009132,cluster0
Canossa,0.024441,0.637047,0.010907,0.003531,0.006509,0.008906,0.00732,0.017478,0.132683,0.043478,0.099827,0.174226,0.2,0.069776,0.114339,0.147216,0.042773,0.144156,0.091324,cluster0
Correggio,0.118419,0.643199,0.028047,0.596368,0,0,0.248696,0.020055,0.467958,0.279272,0.227312,0.732181,0.501714,0.206716,0.444236,0.535074,0.2559,0.181169,0.283105,cluster6
Fabbrico,0.099836,0.516746,0.010497,0.160761,0.19284,0.075956,0.075436,0.064441,0.076318,0.072801,0.039326,0.095752,0.110857,0.030224,0.076382,0.101919,0.042773,0.031169,0.027397,cluster1
Gattatico,0.048066,0.505126,0.009349,0.141711,0.129626,0.084248,0.135225,0.022441,0.091902,0.02002,0.209594,0.073434,0.250286,0.100373,0.103093,0.121736,0.019912,0.066883,0.159817,cluster1
Gualtieri,0.064393,0.344498,0.008201,0.158935,0.191199,0.114558,0.114231,0.107926,0.201136,0.021436,0.069576,0.190785,0.385143,0.049254,0.116682,0.1447,0.033923,0.107143,0.086758,cluster1
Guastalla,0.101416,0.337662,0.013039,0.031038,0.425827,0.170084,0.069185,0.11423,0.302505,0.067745,0.222558,0.598992,0.4,0.095522,0.191659,0.251022,0.091445,0.212987,0.182648,cluster6
Luzzara,0.082831,0.276828,0.00451,0.001417,0.264061,0.123816,0.02465,0.080547,0.281678,0.01456,0.038462,0.297336,0.312,0.095149,0.219775,0.087134,0.04056,0.124675,0.127854,cluster1
'Montecchio Emilia',0.155489,0.616541,0.006889,0.245057,0.034415,0.01186,0.078247,0.015154,0.152636,0.049343,0.217805,0.187905,0.154286,0.058955,0.134021,0.267694,0.114307,0.150649,0.187215,cluster0
Novellara,0.084122,0.520164,0.012875,0.323228,0.228321,0.144787,0.18644,0.082025,0.319837,0.001213,0.085566,0.115191,0.166857,0.094776,0.232896,0.135263,0.05826,0.234416,0.187215,cluster3
Poviglio,0.059255,0.315106,0.015253,0.169241,0.154249,0.11856,0.139736,0.047523,0.224148,0.026289,0.118842,0.11951,0.222857,0.084701,0.160262,0.243158,0.075959,0.168831,0.16895,cluster1
'Quattro Castella',0.101923,0.646617,0.012957,0.246451,0.020851,0.005919,0.077979,0.008671,0.279348,0.055005,0.140449,0.174946,0.070857,0.082463,0.221649,0.374961,0.093658,0.108442,0.054795,cluster0
Reggiolo,0.075922,0.43404,0.000328,0.000625,0.265444,0.137115,0.018054,0.008661,0.186135,0.056421,0.092913,0.11879,0.147429,0.051119,0.140112,0.121107,0.025811,0.144156,0.086758,cluster1
'Rio Saliceto',0.097061,0.567327,0.007463,0.146347,0.020793,0.044764,0.072392,0.040159,0.051704,0.088979,0.079516,0.073434,0.133714,0.029104,0.069822,0.116074,0.044248,0.035714,0.018265,cluster0
Rolo,0.102346,0.511962,0.003198,0.096212,0.116292,0.045543,0.040067,0.025074,0.068162,0.063094,0.006482,0.080634,0.122286,0.026119,0.074039,0.048128,0.025811,0.015584,0,cluster1
Rubiera,0.211459,0.662338,0.026816,0.346434,0.275322,0.02505,0.080838,0.024839,0.100204,0.153893,0.150389,0.12311,0.065143,0.060075,0.197282,0.215477,0.186578,0.127273,0.109589,cluster2
'San Martino in Rio',0.127782,0.654135,0.000328,0.18673,0,0,0.072892,0.000791,0.094232,0.128008,0.028954,0.12023,0.181714,0.096269,0.093252,0.181504,0.074484,0.096104,0.191781,cluster0
'San Polo d Enza',0.067688,0.634313,0.002706,0.102073,0.005645,0.012134,0.04097,0.020517,0.102971,0.051972,0.174589,0.114471,0.205714,0.058955,0.087629,0.207298,0.067109,0.109091,0.205479,cluster0
'Sant Ilario d Enza',0.199871,0.546138,0.002296,0.262786,0.166863,0.014362,0.06492,0.007156,0.129624,0.017189,0.111495,0.020878,0.057143,0.018284,0.055764,0.156968,0.174779,0.05974,0.050228,cluster0
Scandiano,0.184707,0.671907,0.036247,0.493694,0.017712,0.007064,0.101743,0.012392,0.263763,0.313043,0.369058,0.308855,0.376,0.201119,0.367854,0.625668,0.285398,0.223377,0.232877,cluster7
Toano,0.022651,0.698565,0.006561,0.002546,0.003312,0.009413,0.007531,0.019826,0.167201,0.024874,0.203544,0.195104,0.304,0.08806,0.10403,0.281535,0.074484,0.166234,0.118721,cluster0
Vetto,0.011378,0.682843,0.000164,0.000865,0.001382,0.009846,0.009003,0.024976,0.109962,0.008898,0.12057,0.103672,0.090286,0.060448,0.122306,0.126455,0.028024,0.094156,0.022831,cluster0
'Vezzano sul Crostolo',0.039546,0.643199,0.039856,0.015206,0.033666,0.00628,0.003777,0.009059,0.146228,0.030536,0.042783,0.186465,0.227429,0.041791,0.089035,0.221139,0.106932,0.172727,0.159817,cluster0
Viano,0.025644,0.650718,0.000492,0.001634,0.022982,0.005428,0.001314,0.001148,0.150743,0.001011,0.003889,0.050396,0.226286,0.051866,0.082006,0.188739,0.075221,0.056494,0.054795,cluster0
'Villa Minozzo',0.006707,0.9419,0.001394,0.000504,0.001066,0.01331,0.012363,0.029781,0.327993,0.06087,0.085566,0.37365,0.592,0.168284,0.152296,0.375904,0.090708,0.318182,0.228311,cluster5
Ventasso,0.004747,0.95352,0.000656,0.000288,0.000346,0.014978,0.014826,0.041242,0.386105,0.058847,0.318928,0.315335,0.804571,0.221642,0.266635,0.351368,0.109882,0.406494,0.438356,cluster5
Bastiglia,0.144937,0.628161,0.003608,0.012324,0.114765,0.033638,0.006327,0.004951,0.038887,0.042669,0.013829,0.078474,0.038857,0.000373,0.022024,0.058194,0.045723,0.016883,0,cluster4
Bomporto,0.093324,0.632946,0.072577,0.204218,0.281111,0.124938,0.104433,0.028795,0.186572,0.050758,0.009075,0.138949,0.176,0.051866,0.112933,0.184335,0.078171,0.061039,0.050228,cluster2
Campogalliano,0.087973,0.665072,0.012875,0.204531,0.219624,0.065796,0.114508,0.052081,0.138654,0.025683,0.041487,0.095032,0.069714,0.027612,0.062324,0.145643,0.089971,0.042857,0.031963,cluster0
Camposanto,0.049612,0.611757,0.044694,0.069834,0.091323,0.07298,0.0682,0.080919,0.096126,0.004044,0.006914,0.11951,0.098286,0.061567,0.030459,0.046556,0.014012,0.051948,0.054795,cluster0
'Castelfranco Emilia',0.114726,0.679426,0.350828,0.75857,0.085649,0.086783,0.328047,0.087664,0.451209,0.168655,0.179775,0.259899,0.648,0.237313,0.382381,0.421202,0.40708,0.256494,0.333333,cluster8
'Castelnuovo Rangone',0.240797,0.680109,0.001394,0.193336,0.010339,0.010398,0.024754,0.003201,0.158899,0.045501,0.331029,0.167027,0.198857,0.048134,0.141987,0.232148,0.216077,0.102597,0.09589,cluster0
'Castelvetro di Modena',0.080839,0.680109,0.016402,0.007807,0.077557,0.011028,0.002244,0.006306,0.200262,0.059656,0.080812,0.142549,0.121143,0.072015,0.111059,0.216735,0.064159,0.118182,0.182648,cluster0
Cavezzo,0.093688,0.593985,0.015663,0.172869,0.20724,0.086044,0.0859,0.036019,0.175939,0.056421,0.038029,0.133189,0.149714,0.079478,0.127929,0.118591,0.061209,0.224026,0.269406,cluster0
'Concordia sulla Secchia',0.073247,0.491456,0.036411,0.215341,0.258273,0.131595,0.131162,0.040537,0.269298,0.033569,0.036301,0.291577,0.329143,0.09291,0.162605,0.107581,0.031711,0.209091,0.210046,cluster3
Fanano,0.01068,0.923445,0.000984,0.000529,0.000979,0.003849,0.003619,0.007305,0.225459,0.045501,0.109334,0.462923,0.346286,0.077985,0.091378,0.287512,0.139381,0.320779,0.178082,cluster5
'Finale Emilia',0.052371,0.602187,0.086354,0.368847,0.452524,0.337869,0.30871,0.20369,0.422517,0.018807,0.127917,0.508279,0.364571,0.157836,0.306467,0.22397,0.121681,0.266883,0.232877,cluster3
'Fiorano Modenese',0.234244,0.673958,0.000164,0.271603,0.000634,0.00149,0.032954,0.000563,0.108214,0.204449,0.108902,0.116631,0.075429,0.061567,0.3388,0.274929,0.304572,0.091558,0.068493,cluster0
Fiumalbo,0.010288,0.943951,0.002132,0.000721,0.003082,0.00159,0.001031,0.002265,0.116662,0.000607,0.006482,0.12743,0.2,0.033955,0.039363,0.14061,0.100295,0.038312,0.013699,cluster4
Formigine,0.264217,0.679426,0.001066,0.26872,0.001498,0.003982,0.030847,0.004975,0.42543,0.058241,1,0.328294,0.214857,0.087313,0.327085,0.621265,0.363569,0.043506,0.068493,cluster7
Frassinoro,0.005944,0.941217,0.000082,0.000048,0.000058,0.002792,0.002599,0.004484,0.253714,0.008291,0.137857,0.064795,0.067429,0.04403,0.263355,0.337842,0.070796,0.096104,0.671233,cluster0
Guiglia,0.028084,0.652085,0.001148,0.000553,0.000662,0.004095,0.004088,0.008387,0.104573,0.058645,0.203111,0.25054,0.162286,0.059328,0.074039,0.196288,0.075221,0.150649,0.16895,cluster0
'Lama Mocogno',0.01415,0.75393,0.00041,0.000144,0.000173,0.001462,0.00146,0.004068,0.121614,0.083519,0.236819,0.287257,0.290286,0.066791,0.120431,0.229003,0.09882,0.136364,0.09589,cluster0
Maranello,0.193815,0.674641,0.006069,0.002522,0.029001,0.0083,0.002867,0.006348,0.209583,0.074216,0.248055,0.280778,0.157714,0.035448,0.231022,0.279962,0.199853,0.088961,0.100457,cluster0
'Marano sul Panaro',0.039888,0.662338,0.005905,0.002114,0.052213,0.010355,0.005676,0.015393,0.10268,0.070576,0.005186,0.076314,0.065143,0.025,0.071696,0.128657,0.060472,0.064286,0.091324,cluster0
Medolla,0.082494,0.593985,0.096523,0.151873,0.18207,0.086764,0.086619,0.025743,0.171133,0.008696,0.077355,0.172066,0.153143,0.11194,0.129335,0.099088,0.021386,0.094805,0.105023,cluster0
Mirandola,0.061147,0.559809,0.034115,0.575324,0.690004,0.440459,0.439445,0.255554,0.379114,0.108392,0.649957,0.4982,1,0.251866,0.371134,0.434413,0.325959,0.352597,0.150685,cluster8
Montecreto,0.009466,0.773753,0.000574,0.000264,0.000317,0.001864,0.001861,0.004268,0.110982,0.000404,0.004754,0.046076,0.131429,0.043284,0.049672,0.104435,0.036136,0.114286,0.031963,cluster4
Montefiorino,0.015972,0.70745,0.001476,0.000577,0.000691,0.004595,0.004587,0.011573,0.193854,0.029525,0.073034,0.236141,0.233143,0.096642,0.124649,0.229947,0.060472,0.124675,0.136986,cluster0
Montese,0.013671,0.734108,0.000902,0.00036,0.000432,0.004992,0.004974,0.011934,0.262453,0.041254,0.024633,0.239741,0.339429,0.090299,0.101687,0.179302,0.086283,0.221429,0.223744,cluster0
Nonantola,0.103014,0.658237,0.06454,0.364619,0.437145,0.177796,0.177396,0.086526,0.263618,0.087361,0.021608,0.199424,0.237714,0.083582,0.173852,0.286254,0.083333,0.145455,0.178082,cluster3
'Novi di Modena',0.069278,0.591934,0.01796,0.263579,0.315987,0.166508,0.166217,0.036092,0.304398,0.038018,0.047105,0.157667,0.414857,0.135075,0.220244,0.17364,0.056785,0.392857,0.068493,cluster3
Palagano,0.011688,0.762816,0.00082,0.00036,0.000432,0.00489,0.004882,0.010447,0.193999,0.004449,0.026793,0.093593,0.244571,0.097761,0.109185,0.212016,0.059735,0.184416,0.347032,cluster0
'Pavullo nel Frignano',0.042467,0.664388,0.008529,0.002739,0.003312,0.008045,0.008017,0.017314,0.327993,0.172497,0.477528,0.727862,0.410286,0.18806,0.239456,0.555206,0.406342,0.351948,0.187215,cluster6
Pievepelago,0.00978,0.949419,0.001968,0.004396,0.00527,0.003589,0.003421,0.005063,0.11404,0.067947,0.116249,0.354932,0.188571,0.027239,0.047329,0.18402,0.157817,0.131169,0.068493,cluster4
Polinago,0.009929,0.647984,0.00123,0.000673,0.000806,0.002618,0.002613,0.006731,0.159482,0.002022,0.009507,0.13103,0.462857,0.070522,0.030928,0.178043,0.050147,0.111688,0.091324,cluster0
'Prignano sulla Secchia',0.015919,0.648667,0.004674,0.001874,0.003917,0.013043,0.010792,0.027516,0.12642,0.007078,0.242869,0.182145,0.221714,0.089179,0.081068,0.165461,0.035398,0.181169,0.118721,cluster0
Ravarino,0.076464,0.626111,0.240938,0.148077,0.177548,0.091695,0.091401,0.07539,0.1455,0.013347,0.012965,0.107991,0.108571,0.038806,0.058107,0.072979,0.039823,0.055195,0.077626,cluster2
Riolunato,0.004379,0.872864,0.000082,0.000024,0.000029,0.000978,0.000976,0.002582,0.061899,0.000607,0.071305,0.141829,0.100571,0.002612,0.044049,0.089022,0.063422,0.011688,0.041096,cluster4
'San Cesario sul Panaro',0.08427,0.673274,0.027473,0.109809,0.037641,0.024133,0.061379,0.047666,0.091902,0.009707,0.196197,0.076314,0.133714,0.066045,0.113402,0.155395,0.066372,0.081818,0.054795,cluster0
'San Felice sul Panaro',0.074353,0.603554,0.167049,0.264876,0.317542,0.166045,0.165768,0.097098,0.321293,0.01456,0.023336,0.317495,0.254857,0.101866,0.18135,0.141869,0.062684,0.272078,0.155251,cluster3
'San Possidonio',0.073896,0.531784,0.00287,0.086987,0.104282,0.054824,0.054733,0.015804,0.090446,0.047927,0.001296,0.147588,0.12,0.064179,0.0403,0.024221,0.012537,0.078571,0.114155,cluster1
'San Prospero',0.060848,0.617225,0.048959,0.140318,0.168217,0.111065,0.110879,0.031391,0.100641,0.07179,0.005618,0.145428,0.070857,0.032463,0.048266,0.078956,0.016962,0.122727,0.196347,cluster0
Sassuolo,0.382756,0.677375,0.006971,0.885915,0.164214,0.024491,0.062434,0.024758,0.379988,0.156926,0.632239,0.174226,0.329143,0.370149,0.64105,0.348852,0.288348,0.461039,0.292237,cluster7
'Savignano sul Panaro',0.128041,0.676692,0.012383,0.130708,0.149757,0.024153,0.035448,0.023439,0.14783,0.0273,0.127053,0.098632,0.152,0.098881,0.134958,0.13715,0.10472,0.085714,0.086758,cluster0
Serramazzoni,0.030763,0.649351,0.000902,0.000432,0.000806,0.003007,0.002816,0.005594,0.3194,0.093832,0.173725,0.363571,0.276571,0.129851,0.275539,0.389745,0.14528,0.338961,0.374429,cluster5
Sestola,0.015985,0.834586,0.001066,0.000745,0.000893,0.002859,0.002854,0.006184,0.227352,0.032356,0.019879,0.074154,0.276571,0.117537,0.087629,0.228374,0.161504,0.119481,0.059361,cluster0
Soliera,0.107309,0.630895,0.024848,0.361808,0.433747,0.163681,0.163408,0.063216,0.281823,0.067947,0.078652,0.168467,0.238857,0.102239,0.220244,0.3391,0.169617,0.180519,0.100457,cluster3
Spilamberto,0.153605,0.678742,0.014597,0.227713,0.017683,0.01077,0.041426,0.01144,0.206379,0.084732,0.082973,0.175666,0.237714,0.097015,0.233365,0.280591,0.153392,0.100649,0.054795,cluster0
Vignola,0.398701,0.675325,0.011973,0.460903,0.020822,0.01221,0.029114,0.012191,0.317652,0.187867,0.066551,0.334053,0.374857,0.275373,0.28538,0.409248,0.616519,0.397403,0.246575,cluster7
Zocca,0.022838,0.650034,0.001066,0.000673,0.000806,0.004635,0.004627,0.007489,0.297116,0.012538,0.021175,0.309575,0.254857,0.06903,0.173852,0.257943,0.120944,0.145455,0.260274,cluster0
'Anzola dell Emilia',0.120321,0.683527,0.689027,0.284695,0.341272,0.117562,0.117422,0.18846,0.105301,0.030536,0.133103,0.067675,0.096,0.045522,0.089035,0.09783,0.151917,0.057792,0.045662,cluster2
Argelato,0.100334,0.681476,0.077169,0.231965,0.278087,0.11282,0.112632,0.093373,0.113895,0.051972,0.060069,0.084233,0.139429,0.026119,0.07732,0.04687,0.099558,0.064286,0.242009,cluster2
Baricella,0.054663,0.647984,0.057077,0.162467,0.19477,0.146183,0.145939,0.129538,0.147684,0.035794,0.037597,0.061915,0.197714,0.091045,0.084349,0.041837,0.031711,0.098701,0.127854,cluster2
Bentivoglio,0.037804,0.686945,0.042644,0.128715,0.154307,0.164251,0.163977,0.102103,0.083018,0.066936,0.014693,0.085673,0.097143,0.046642,0.056232,0.045926,0.036136,0.068831,0.091324,cluster2
'Borgo Tossignano',0.038818,0.983595,0.007463,0.018546,0.022233,0.013003,0.012981,0.018759,0.020099,0.087159,0.02809,0.054716,0.123429,0.059701,0.032802,0.080843,0.025074,0.077273,0.068493,cluster4
Budrio,0.054255,0.77717,0.227407,0.432604,0.518619,0.386269,0.385625,0.2632,0.341684,0.098686,0.047537,0.421886,0.504,0.138806,0.189316,0.197546,0.133481,0.216234,0.164384,cluster3
'Calderara di Reno',0.116033,0.685578,0.943415,0.315853,0.378654,0.130974,0.130756,0.410551,0.054617,0.147219,0.004322,0.105112,0.121143,0.035075,0.059981,0.073608,0.160767,0.083117,0.136986,cluster2
Camugnano,0.005722,0.922761,0.002132,0.001802,0.00216,0.011179,0.01116,0.021546,0.224148,0.02548,0.05229,0.415407,0.405714,0.075,0.071228,0.227115,0.064159,0.130519,0.196347,cluster5
'Casalecchio di Reno',0.758377,0.687628,0.075529,0.302688,0.409095,0.017421,0.017365,0.01062,0.04748,0.244085,0.175022,0.035277,0.265143,0.151493,0.119025,0.156653,0.767699,0.118182,0.041096,cluster7
Casalfiumanese,0.01408,0.976077,0.012793,0.017489,0.020966,0.029743,0.029694,0.034383,0.068599,0.070374,0.025929,0.091433,0.107429,0.039552,0.047329,0.060396,0.025811,0.046753,0.027397,cluster4
'Castel d Aiano',0.013728,0.660971,0.000082,0.000048,0.000058,0.000323,0.000322,0.000395,0.2224,0.004044,0.014693,0.203024,0.195429,0.077985,0.107779,0.112299,0.024336,0.03961,0.063927,cluster0
'Castel del Rio',0.007151,0.974026,0.003608,0.002811,0.00337,0.010223,0.010206,0.014805,0.067871,0.022042,0.001296,0.228942,0.059429,0.01194,0.027648,0.055992,0.011062,0.012987,0.022831,cluster4
'Castel di Casio',0.02493,0.914559,0.004346,0.005285,0.006336,0.008473,0.008458,0.016734,0.152782,0.016178,0.119706,0.191505,0.315429,0.060821,0.075914,0.094369,0.04941,0.218831,0.03653,cluster4
'Castel Guelfo di Bologna',0.055726,0.907724,0.018288,0.102746,0.123175,0.091947,0.091794,0.053303,0.085639,0.001213,0.042783,0.055436,0.074286,0.037687,0.058575,0.050016,0.053835,0.024026,0.004566,cluster4
'Castello d Argile',0.080624,0.634313,0.061424,0.15514,0.185986,0.093432,0.093276,0.101744,0.095543,0.019009,0.058341,0.069114,0.061714,0.007463,0.028116,0.07927,0.044985,0.036364,0.027397,cluster2
'Castel Maggiore',0.213287,0.701982,0.037067,0.420568,0.50419,0.099312,0.099147,0.031501,0.148995,0.071992,0.050994,0.085673,0.088,0.08694,0.112465,0.134948,0.251475,0.050649,0.054795,cluster2
'Castel San Pietro Terme',0.049609,0.940533,0.043218,0.176232,0.15232,0.204503,0.205202,0.065882,0.271628,0.184226,0.160328,0.295176,0.429714,0.197015,0.236645,0.307329,0.30531,0.205195,0.182648,cluster5
Castenaso,0.154108,0.755981,0.016073,0.344776,0.413328,0.114845,0.114654,0.026707,0.11069,0.096663,0.01815,0.109431,0.097143,0.051493,0.117619,0.092796,0.208702,0.084416,0.09589,cluster2
'Castiglione dei Pepoli',0.029127,0.928913,0.00164,0.001489,0.001786,0.006378,0.006367,0.009036,0.355666,0.019616,0.041054,0.414687,0.681143,0.160075,0.185567,0.394778,0.19174,0.199351,0.063927,cluster5
Crevalcore,0.046297,0.629528,0.087994,0.322939,0.389569,0.330242,0.329459,0.044826,0.284299,0.050556,0.110631,0.268539,0.353143,0.156716,0.209466,0.260774,0.093658,0.201299,0.228311,cluster3
Dozza,0.097028,0.955571,0.017058,0.054508,0.065346,0.042753,0.042682,0.017344,0.054908,0.075228,0.048833,0.093593,0.049143,0.015672,0.061387,0.08682,0.101032,0.084416,0.109589,cluster4
Fontanelice,0.018051,0.977444,0.00287,0.002715,0.003254,0.010485,0.010468,0.01465,0.060297,0.021031,0.029818,0.082793,0.146286,0.027612,0.014995,0.058509,0.015487,0.061039,0.031963,cluster4
'Gaggio Montano',0.028676,0.766917,0.015745,0.014149,0.016963,0.00404,0.004033,0.006105,0.254733,0.029929,0.03414,0.293737,0.192,0.123881,0.210872,0.156968,0.072271,0.246753,0.123288,cluster0
Galliera,0.05183,0.62201,0.447187,0.131213,0.157043,0.118751,0.119211,0.395136,0.127731,0.005865,0.007779,0.12383,0.139429,0.04291,0.05717,0.041837,0.018437,0.066234,0.050228,cluster2
'Granarolo dell Emilia',0.12527,0.73069,0.027801,0.25863,0.310054,0.110461,0.110277,0.030693,0.077192,0.107179,0.067848,0.077034,0.075429,0.047388,0.075445,0.114501,0.128319,0.041558,0.041096,cluster2
'Grizzana Morandi',0.017015,0.702666,0.01837,0.013741,0.016473,0.011558,0.011539,0.024967,0.181183,0.047523,0.043215,0.231821,0.2,0.045896,0.08388,0.147845,0.04646,0.132468,0.054795,cluster0
Imola,0.122033,0.979494,0.187141,1,0.872592,0.449402,0.455437,0.225063,0.653219,0.628109,0.311582,1,0.965714,0.465299,0.900187,0.670022,1,0.416234,0.305936,cluster8
'Lizzano in Belvedere',0.008107,0.926863,0.000492,0.000432,0.000518,0.001484,0.001482,0.002375,0.254005,0.018807,0.066551,0.416847,0.315429,0.076119,0.121837,0.255741,0.15413,0.224026,0.063927,cluster5
Loiano,0.028396,0.779904,0.000574,0.002498,0.002995,0.004318,0.004311,0.005099,0.147393,0.050152,0.070873,0.269258,0.12,0.030224,0.093252,0.170179,0.076696,0.1,0.109589,cluster0
Malalbergo,0.059824,0.657553,0.274725,0.210705,0.251994,0.171866,0.172675,0.385123,0.170259,0.042265,0.04408,0.045356,0.148571,0.09291,0.162605,0.07581,0.056785,0.047403,0.027397,cluster2
Marzabotto,0.032054,0.659604,0.049287,0.096308,0.115457,0.025508,0.025465,0.041948,0.125546,0.056623,0.07822,0.143269,0.129143,0.066045,0.113402,0.141554,0.051622,0.105195,0.123288,cluster0
Medicina,0.036906,0.876965,0.278662,0.397002,0.475938,0.511358,0.510505,0.18504,0.251821,0.09181,0.229041,0.186465,0.249143,0.154851,0.246485,0.151935,0.078909,0.151948,0.278539,cluster3
Minerbio,0.072303,0.698565,0.077989,0.208374,0.249806,0.138413,0.138182,0.068979,0.094524,0.082912,0.140449,0.221022,0.141714,0.052612,0.070759,0.084618,0.056047,0.098052,0.063927,cluster2
Molinella,0.043033,0.742994,0.160161,0.375982,0.450652,0.408372,0.410187,0.21283,0.236091,0.038827,0.444252,0.149748,0.394286,0.195896,0.256326,0.14407,0.106195,0.246753,0.16895,cluster3
Monghidoro,0.026436,0.843472,0.000246,0.000216,0.000259,0.00171,0.001707,0.001997,0.257064,0.015976,0.057908,0.299496,0.257143,0.05709,0.126054,0.204467,0.106932,0.077922,0.03653,cluster0
Monterenzio,0.01981,0.887218,0.024028,0.043025,0.05158,0.019414,0.019382,0.023985,0.067142,0.065116,0.160761,0.105832,0.148571,0.039552,0.056232,0.118276,0.067109,0.081169,0.041096,cluster4
'Monte San Pietro',0.051842,0.678059,0.0629,0.077161,0.092504,0.010819,0.010801,0.01002,0.181328,0.074014,0.147364,0.154788,0.205714,0.069776,0.096064,0.218308,0.075959,0.09026,0.100457,cluster0
Monzuno,0.034261,0.69583,0.019272,0.028419,0.03407,0.012169,0.012149,0.020608,0.112729,0.134884,0.133967,0.086393,0.090286,0.065672,0.118557,0.144385,0.053835,0.097403,0.054795,cluster0
Mordano,0.077835,0.904306,0.019354,0.111562,0.1336,0.068384,0.068829,0.003751,0.090591,0.072599,0.020743,0.088553,0.106286,0.042164,0.092315,0.045926,0.005162,0.087013,0.13242,cluster4
'Ozzano dell Emilia',0.075685,0.841422,0.021322,0.105532,0.12617,0.093816,0.093671,0.041134,0.10268,0.102528,0.027658,0.136069,0.08,0.044776,0.055764,0.082101,0.148968,0.102597,0.050228,cluster4
Pianoro,0.057849,0.7635,0.048876,0.094194,0.112922,0.026944,0.026899,0.019848,0.165744,0.119515,0.09637,0.095032,0.170286,0.127985,0.157919,0.208871,0.202065,0.108442,0.09589,cluster0
'Pieve di Cento',0.159007,0.630895,0.266443,0.165638,0.198572,0.05122,0.051135,0.143735,0.12074,0.037412,0.059637,0.144708,0.062857,0.047761,0.087629,0.128342,0.039823,0.07987,0.073059,cluster2
'Sala Bolognese',0.065095,0.681476,0.674922,0.198069,0.237451,0.146674,0.14643,0.476776,0.098456,0.035187,0.169404,0.023038,0.064,0.030597,0.083411,0.094369,0.070796,0.085065,0.022831,cluster2
'San Benedetto Val di Sambro',0.021654,0.797676,0.001722,0.001153,0.001382,0.005592,0.005583,0.008028,0.23478,0.061678,0.128781,0.176386,0.189714,0.08097,0.198219,0.287826,0.138643,0.107792,0.086758,cluster0
'San Giorgio di Piano',0.102666,0.652768,0.01796,0.197012,0.236184,0.097809,0.097646,0.014254,0.135159,0.014762,0.055748,0.133189,0.118857,0.025746,0.056232,0.082416,0.070796,0.057792,0.059361,cluster0
'San Giovanni in Persiceto',0.08771,0.671224,0.707889,0.648425,0.777352,0.367675,0.367097,0.463342,0.458928,0.39636,0.085998,0.381569,0.729143,0.326493,0.369728,0.475307,0.244838,0.212987,0.127854,cluster8
'San Lazzaro di Savena',0.261051,0.782638,0.043464,0.252817,0.269591,0.058421,0.061544,0.024863,0.215846,0.225076,0.09032,0.164147,0.265143,0.154104,0.221649,0.235294,0.477876,0.127273,0.041096,cluster7
'San Pietro in Casale',0.066942,0.639781,0.841971,0.281932,0.337989,0.211658,0.211305,0.536876,0.153073,0.02002,0.299481,0.273578,0.270857,0.057836,0.105904,0.106008,0.087021,0.140909,0.063927,cluster2
'Sant Agata Bolognese',0.075076,0.656869,0.029605,0.171523,0.205627,0.111805,0.111632,0.006073,0.136761,0.037412,0.026361,0.104392,0.150857,0.045896,0.109653,0.112929,0.037611,0.072727,0.004566,cluster0
'Sasso Marconi',0.054648,0.683527,0.017878,0.034136,0.040924,0.027673,0.027626,0.033726,0.266676,0.059858,0.109767,0.302376,0.267429,0.094403,0.177132,0.239383,0.141593,0.194805,0.178082,cluster0
Vergato,0.045021,0.67054,0.08209,0.085545,0.102555,0.010898,0.01088,0.016633,0.215409,0.023256,0.093345,0.156947,0.174857,0.123507,0.182287,0.198176,0.190265,0.077922,0.041096,cluster0
'Zola Predosa',0.180036,0.68216,0.231015,0.224734,0.257524,0.067523,0.067683,0.061693,0.123361,0.094237,0.224287,0.035997,0.046857,0.172015,0.259606,0.165146,0.235251,0.044156,0.031963,cluster2
Valsamoggia,0.061388,0.677375,0.126538,0.355755,0.378308,0.160918,0.182482,0.052804,0.48194,0.321941,0.370787,0.832253,0.702857,0.161194,0.363636,0.500786,0.30826,0.515584,0.547945,cluster6
'Alto Reno Terme',0.032811,0.927546,0.04494,0.039205,0.047001,0.007556,0.007544,0.011445,0.333528,0.050758,0.093777,0.631389,0.797714,0.113806,0.130272,0.351054,0.215339,0.245455,0.068493,cluster5
Argenta,0.023784,0.690362,0.040348,0.531698,0.637215,1,1,0.352764,0.421352,0.711223,0.126188,0.303816,0.565714,0.708955,0.740394,0.111985,0.05531,1,0.547945,cluster8
Berra,0.023623,0.051265,0.002296,0.123958,0.148605,0.220571,0.220195,0.068055,0.29799,0.003842,0.00605,0.108711,0.437714,0.169403,0.182755,0.020132,0.004425,0.143506,0.09589,cluster1
Bondeno,0.028225,0.548872,0.273987,0.362793,0.435331,0.561648,0.560391,1,0.648267,0.007078,0.051426,0.532757,0.739429,0.257463,0.430178,0.173325,0.045723,0.283117,0.420091,cluster8
Cento,0.197127,0.626794,1,0.834074,1,0.208076,0.207696,0.080586,0.727498,0.447321,0.122299,0.852412,0.950857,0.352985,0.613871,1,0.427729,0.338312,0.164384,cluster8
Codigoro,0.023785,0.159945,0.000164,0.297619,0.356046,0.54296,0.543375,0.014128,0.567288,0.011527,0.01815,0.051836,0.184,0.283209,0.315839,0.058194,0.023599,0.394156,0.369863,cluster3
Comacchio,0.027049,0.571429,0.10661,0.543782,0.650808,0.911062,0.910238,0.093408,0.990824,0.145399,0.211755,0.174226,0.386286,0.306716,0.781162,0.380937,0.297198,0.244805,0.100457,cluster8
Copparo,0.036325,0.326726,0.000738,0.408797,0.490079,0.504604,0.503763,0.00354,0.576172,0.039636,0.051426,0.355652,0.574857,0.3,0.436739,0.150047,0.050147,0.364935,0.273973,cluster3
Formignana,0.042566,0.336979,0.000164,0.067336,0.080725,0.072103,0.071983,0.00178,0.085931,0.017796,0.009075,0.063355,0.077714,0.032836,0.039363,0.025794,0.00295,0.062338,0.077626,cluster1
'Jolanda di Savoia',0.008307,0.263158,0.000738,0.072141,0.086484,0.348194,0.347613,0.008039,0.138509,0.003842,0.008643,0.023758,0.022857,0.202612,0.088566,0.009122,0.003687,0.137662,0.082192,cluster1
Lagosanto,0.049645,0.231716,0.001558,0.118961,0.142614,0.110678,0.110494,0.01079,0.217157,0.002629,0.009507,0.00144,0.060571,0.066045,0.132146,0.023592,0.0059,0.105195,0.077626,cluster1
'Masi Torello',0.03541,0.508544,0.009349,0.056886,0.068197,0.07298,0.072858,0.032599,0.077483,0.008696,0.038462,0.039597,0.041143,0.017537,0.061856,0.023278,0.007375,0.083117,0.027397,cluster1
Mesola,0.027881,0,0.028375,0.171523,0.205627,0.270932,0.270478,0.054885,0.255462,0.008898,0.177615,0.085673,0.209143,0.239925,0.179007,0.017301,0.004425,0.10974,0.059361,cluster1
Ostellato,0.01141,0.549556,0.014515,0.15502,0.185842,0.557109,0.55618,0.144972,0.243956,0.019818,0.019015,0.105832,0.177143,0.180224,0.169166,0.022649,0.006637,0.240909,0.127854,cluster3
'Poggio Renatico',0.042917,0.622693,0.793341,0.232397,0.278605,0.257863,0.257433,0.858022,0.221089,0.07907,0.061798,0.055436,0.249143,0.110448,0.156045,0.091224,0.044248,0.091558,0.091324,cluster2
Portomaggiore,0.032011,0.619275,0.047728,0.292719,0.35092,0.407024,0.406346,0.111632,0.399942,0.015571,0.099827,0.303816,0.274286,0.272388,0.29194,0.078327,0.032448,0.299351,0.305936,cluster3
Ro,0.025691,0.194805,0.002706,0.080429,0.09642,0.138819,0.138588,0.041166,0.16021,0.001213,0.002593,0.070554,0.150857,0.138806,0.08388,0.015099,0.007375,0.06039,0.045662,cluster1
'Vigarano Mainarda',0.064097,0.563226,0.609398,0.178514,0.214008,0.135044,0.134819,0.449352,0.152782,0.129626,0.016854,0.151188,0.097143,0.070522,0.147142,0.084618,0.0059,0.111688,0.13242,cluster2
Voghiera,0.031927,0.5892,0.001886,0.092416,0.110791,0.129608,0.129392,0.008252,0.134431,0.008089,0,0.096472,0.106286,0.086194,0.065604,0.013212,0.004425,0.037013,0.004566,cluster1
Tresigallo,0.075663,0.36432,0,0.109568,0.131354,0.066285,0.066174,0,0.098165,0.058038,0.025065,0.033837,0.314286,0.073881,0.053421,0.016357,0.009587,0.065584,0.118721,cluster1
Goro,0.03958,0.019139,0.058799,0.093569,0.112116,0.068561,0.086466,0.041391,0.165453,0.020222,0.004754,0.013679,0.048,0.06791,0.167291,0.01447,0.000737,0.061688,0.027397,cluster1
Fiscaglia,0.026505,0.44771,0.012055,0.228674,0.274141,0.373403,0.37278,0.061907,0.335858,0.003438,0.148228,0.354212,0.333714,0.194403,0.180412,0.056622,0.013274,0.257143,0.319635,cluster3
'Terre del Reno',0.069828,0.614491,0.710841,0.253946,0.304438,0.164023,0.16375,0.372744,0.314011,0.025683,0.013397,0.160547,0.254857,0.110448,0.169634,0.117332,0.022861,0.088961,0.09589,cluster2
Alfonsine,0.039268,0.665755,0.364442,0.29416,0.352648,0.342998,0.342647,0.538873,0.388727,0.057027,0.085998,0.048236,0.145143,0.30597,0.276007,0.117962,0.022861,0.327273,0.388128,cluster3
Bagnacavallo,0.074994,0.804511,0.180417,0.401542,0.33773,0.166796,0.255338,0.200727,0.421934,0.259656,0.181936,0.472282,0.521143,0.416418,0.470009,0.146587,0.032448,0.223377,0.127854,cluster3
'Bagnara di Romagna',0.087299,0.889952,0.00205,0.056406,0.067621,0.032004,0.031951,0.003885,0.052432,0.017796,0.031979,0.043916,0.021714,0.052985,0.055295,0.018874,0.00295,0.049351,0.041096,cluster4
Brisighella,0.012932,0.993848,0.031737,0.014774,0.002016,0.012986,0.035159,0.068301,0.229246,0.085743,0.155143,0.547876,0.349714,0.097015,0.115276,0.192513,0.061209,0.186364,0.255708,cluster5
'Casola Valsenio',0.009974,0.990431,0.011563,0.008912,0.010685,0.014368,0.014344,0.025485,0.116225,0.010313,0.0121,0.231102,0.241143,0.049254,0.022024,0.072035,0.015487,0.071429,0.105023,cluster4
'Castel Bolognese',0.106248,0.97471,0.136297,0.224734,0.252225,0.06276,0.089063,0.044029,0.116079,0.114863,0.098099,0.015119,0.141714,0.096642,0.174321,0.129286,0.05236,0.262338,0.09589,cluster2
Cervia,0.124823,0.792208,0.289487,0.69366,0.134493,0.015793,0.26389,0.292325,0.529712,0.722144,0.480553,0.098632,0.585143,0.603731,0.975164,0.608682,0.390118,0.25974,0.091324,cluster8
Conselice,0.05751,0.77717,0.15483,0.236313,0.28327,0.193397,0.193155,0.30694,0.278765,0.103337,0.120138,0.113031,0.426286,0.333582,0.298032,0.105694,0.019912,0.203247,0.082192,cluster3
Cotignola,0.07571,0.896787,0.140151,0.177385,0.212424,0.112609,0.112747,0.042195,0.110982,0.178564,0.073898,0.034557,0.122286,0.175746,0.266167,0.108839,0.033923,0.062987,0.018265,cluster2
Fusignano,0.11894,0.734792,0.12826,0.198405,0.237854,0.078901,0.07877,0.040281,0.228517,0.009302,0.11236,0.068395,0.202286,0.187687,0.189784,0.074552,0.016224,0.09026,0.054795,cluster2
Lugo,0.098548,0.825017,0.49549,0.770221,0.923365,0.376209,0.375581,0.256053,1,0.467341,0.213483,0.542837,0.843429,1,0.977038,0.352312,0.110619,0.451299,0.242009,cluster8
'Massa Lombarda',0.102062,0.819549,0.162785,0.251015,0.300867,0.119472,0.119513,0.096072,0.197495,0.051365,0.318064,0.107271,0.258286,0.314925,0.207591,0.103177,0.044985,0.175974,0.141553,cluster2
'Riolo Terme',0.045202,0.987013,0.034853,0.017609,0.02111,0.019434,0.019406,0.042379,0.106467,0.072194,0.088159,0.190785,0.237714,0.077985,0.068885,0.113872,0.041298,0.097403,0.013699,cluster4
Russi,0.094929,0.820916,0.111776,0.290268,0,0,0.148428,0.074434,0.30804,0.107583,0.166811,0.12311,0.450286,0.241791,0.293814,0.100661,0.034661,0.307792,0.383562,cluster5
'Sant Agata sul Santerno',0.111301,0.803828,0.010333,0.067793,0.081272,0.030117,0.030067,0.005649,0.079814,0.019211,0.007779,0.00072,0.067429,0.118284,0.034677,0.012897,0.000737,0.063636,0.045662,cluster4
Solarolo,0.060703,0.942584,0.134492,0.107839,0.12905,0.083281,0.083546,0.046875,0.10501,0.032356,0.072602,0.046076,0.083429,0.098507,0.056232,0.065429,0.008112,0.053896,0.018265,cluster4
'Bagno di Romagna',0.007932,0.98838,0.02698,0.017753,0,0,0.007215,0.01737,0.121322,0.087159,0.140882,0.37509,0.314286,0.074254,0.096064,0.160113,0.036136,0.122727,0.118721,cluster5
Bertinoro,0.067896,0.973342,0.143185,0.134168,0,0,0.071106,0.067692,0.211622,0.135693,0.143475,0.190785,0.323429,0.144776,0.187441,0.149418,0.050885,0.257143,0.200913,cluster5
Borghi,0.032974,0.825017,0.002132,0.003267,0,0,0.003865,0.009937,0.083163,0.034176,0.008211,0.12743,0.073143,0.020149,0.042174,0.034288,0.010324,0.07987,0.045662,cluster4
'Castrocaro Terme e Terra del Sole',0.057721,0.98838,0.014105,0.011675,0,0,0.00947,0.017066,0.099184,0.085743,0.023768,0.139669,0.221714,0.072761,0.063261,0.110727,0.079646,0.041558,0.004566,cluster4
Cesenatico,0.206415,0.809979,0.793915,0.610445,0.088328,0.010117,0.144899,0.22515,0.468832,0.704348,0.037597,0.13031,0.276571,0.308582,0.784911,0.419629,0.388643,0.307143,0.068493,cluster7
'Civitella di Romagna',0.010355,0.991798,0.011481,0.007375,0,0,0.008685,0.02182,0.129333,0.060667,0.016422,0.272138,0.137143,0.052612,0.079194,0.089022,0.011799,0.09026,0.150685,cluster4
Dovadola,0.013498,0.994532,0.011727,0.009729,0,0,0.005709,0.010147,0.026944,0.015976,0.054883,0.115911,0.078857,0.013433,0.007966,0.040579,0.019912,0.06039,0.018265,cluster4
Forlimpopoli,0.195128,0.962406,0.196818,0.310159,0,0,0.074966,0.07258,0.206525,0.118908,0.175022,0.177826,0.278857,0.151119,0.229147,0.204781,0.064897,0.154545,0.054795,cluster0
Galeata,0.013211,0.992481,0.002542,0.00161,0,0,0.004416,0.011793,0.06321,0.056825,0.003457,0.222462,0.091429,0.019776,0.025773,0.054105,0.006637,0.073377,0.009132,cluster4
Gambettola,0.496254,0.849624,0.121863,0.245682,0,0,0.024926,0.017131,0.138072,0.091405,0.134399,0.010799,0.041143,0.100373,0.243205,0.13369,0.096608,0.12987,0.068493,cluster0
Gatteo,0.228427,0.822967,0.317123,0.213948,0.030585,0.001305,0.045267,0.057667,0.078794,0.070374,0.270527,0,0.012571,0.08694,0.199625,0.122366,0.044985,0.098052,0.027397,cluster2
Longiano,0.108981,0.855092,0.038954,0.062435,0,0,0.015519,0.018317,0.097291,0.11365,0.017718,0.143269,0.089143,0.022761,0.091378,0.06889,0.042035,0.105844,0.09589,cluster4
Meldola,0.044414,0.987013,0.030015,0.017777,0,0,0.014555,0.033791,0.132246,0.161375,0.213483,0.303096,0.241143,0.095149,0.176664,0.16263,0.063422,0.221429,0.296804,cluster5
'Mercato Saraceno',0.023704,0.96514,0.030753,0.017272,0,0,0.013247,0.031235,0.106467,0.077452,0.248055,0.300936,0.248,0.069403,0.095127,0.15854,0.051622,0.134416,0.146119,cluster4
Modigliana,0.014847,0.994532,0.036165,0.016143,0,0,0.008136,0.025541,0.113895,0.063296,0.073034,0.440605,0.138286,0.014925,0.039831,0.091853,0.033923,0.13961,0.031963,cluster4
Montiano,0.064931,0.864662,0.00082,0.000961,0,0,0.001104,0.002171,0.052724,0.013145,0.001729,0.12743,0.002286,0.008209,0.021087,0.04687,0.011062,0.024675,0.009132,cluster4
'Portico e San Benedetto',0.003414,0.989747,0.00164,0.001201,0,0,0.003522,0.007099,0.044859,0.005056,0.002161,0.12671,0.102857,0.008209,0,0.028625,0.030236,0.012987,0,cluster4
Predappio,0.023691,0.993165,0.049369,0.025945,0,0,0.010535,0.025882,0.125255,0.078868,0.069144,0.149028,0.253714,0.071642,0.104967,0.071406,0.033186,0.095455,0.059361,cluster4
Premilcuore,0.001694,0.992481,0.006479,0.001898,0,0,0.003069,0.009817,0.038742,0.01092,0.01815,0.164147,0.030857,0.005597,0.002343,0.035546,0.035398,0.015584,0,cluster4
'Rocca San Casciano',0.012233,0.994532,0.010661,0.009705,0,0,0.005722,0.010487,0.034081,0.011931,0.099827,0.084953,0.126857,0.038433,0.021087,0.064171,0.032448,0.053896,0.009132,cluster4
Roncofreddo,0.022593,0.922761,0.000902,0.000432,0,0,0.002483,0.005894,0.103554,0.034378,0.05618,0.135349,0.117714,0.028358,0.063261,0.085561,0.027286,0.066883,0.041096,cluster4
'San Mauro Pascoli',0.248039,0.819549,0.118173,0.263002,0.012672,0.000649,0.055191,0.079362,0.109671,0.161173,0.111495,0.046076,0.076571,0.08097,0.20806,0.164203,0.089233,0.196753,0.164384,cluster0
'Santa Sofia',0.008842,0.991798,0.021404,0.007567,0,0,0.003144,0.00952,0.126129,0.059858,0.009507,0.132469,0.166857,0.06194,0.090909,0.106008,0.028024,0.103896,0.105023,cluster4
Sarsina,0.011081,0.981545,0.001312,0.000456,0,0,0.006009,0.017822,0.10603,0.019211,0.083838,0.178546,0.171429,0.075,0.073102,0.101919,0.022861,0.092208,0.059361,cluster4
'Savignano sul Rubicone',0.273828,0.829118,0.160489,0.13645,0.003542,0.000423,0.043448,0.059817,0.188611,0.118504,0.377701,0.13103,0.096,0.138433,0.362699,0.25983,0.115782,0.119481,0.059361,cluster0
'Sogliano al Rubicone',0.011332,0.887218,0.005659,0.003003,0,0,0.004938,0.01295,0.129042,0.04004,0.034572,0.291577,0.347429,0.033209,0.059513,0.052847,0.017699,0.107143,0.123288,cluster4
Tredozio,0.005611,0.994532,0.009431,0.00442,0,0,0.001739,0.005339,0.055054,0.003236,0.067848,0.202304,0.029714,0.012313,0.012652,0.031771,0.023599,0.035065,0.031963,cluster4
Verghereto,0.004545,1,0.00082,0.00024,0,0,0.001229,0.004096,0.089281,0.09363,0.044512,0.168467,0.178286,0.065299,0.182755,0.145329,0.047198,0.096753,0.054795,cluster4
'Bellaria-Igea Marina',0.388,0.807929,0.457192,0.446513,0.126026,0.006462,0.058269,0.056724,0.2291,0.237209,0.462835,0.010079,0.083429,0.208209,0.407685,0.331551,0.344395,0.402597,0.182648,cluster7
Cattolica,1,0.808612,0.030917,0.353977,0.002592,0.000988,0.013781,0.004373,0.21337,0.174924,0.435609,0.069114,0.294857,0.371642,0.426429,0.355143,0.402655,0.244805,0.16895,cluster7
Coriano,0.080097,0.814764,0.018944,0.013765,0,0,0.013528,0.015442,0.184532,0.158544,0.04624,0.034557,0.098286,0.050746,0.216495,0.145958,0.027286,0.198052,0.091324,cluster0
Gemmano,0.020649,0.795625,0.000492,0.000168,0,0,0.001229,0.003589,0.040489,0.018605,0.020311,0.077034,0.109714,0.006343,0.01359,0.010695,0.000737,0.042857,0.059361,cluster4
'Misano Adriatico',0.214279,0.815448,0.047236,0.140005,0.004262,0.001624,0.027804,0.022899,0.133702,0.264914,0.140449,0.144708,0.100571,0.078731,0.218369,0.165775,0.146018,0.047403,0.123288,cluster0
Mondaino,0.024149,0.822967,0,0,0,0,0,0,0.043111,0.026087,0.017286,0.093593,0.037714,0.008582,0.023899,0.043095,0.020649,0.052597,0.059361,cluster4
'Montefiore Conca',0.035702,0.820916,0.00041,0.00012,0,0,0.0005,0.001573,0.080105,0.01274,0,0.256299,0.012571,0.002985,0.025305,0.027053,0.030236,0.07013,0.09589,cluster4
Montegridolfo,0.051054,0.822967,0,0,0,0,0,0,0.010195,0.041052,0.00605,0.023758,0.036571,0.015672,0.014527,0.012583,0.002212,0.017532,0.004566,cluster4
'Morciano di Romagna',0.464857,0.817498,0.000492,0.000264,0,0,0.00179,0.00512,0.041655,0.171891,0.020311,0.079194,0.124571,0.026119,0.114339,0.071721,0.095133,0.124026,0.054795,cluster4
Riccione,0.720993,0.810663,0.197064,0.60689,0.006249,0.00253,0.038712,0.028781,0.228517,1,0.090752,0.010079,0.088,0.400373,1,0.741114,0.738201,0.123377,0.022831,cluster7
Saludecio,0.031129,0.821599,0,0,0,0,0,0,0.056073,0.082912,0.054019,0.142549,0.136,0.035448,0.059981,0.096257,0.042035,0.111039,0.09589,cluster4
'San Clemente',0.095446,0.818182,0.005002,0.002114,0,0,0.002974,0.007146,0.043839,0.067341,0.116681,0.054716,0.056,0.035448,0.041237,0.092482,0.029499,0.058442,0.100457,cluster4
'San Giovanni in Marignano',0.158597,0.816815,0.030015,0.018666,0,0,0.00821,0.010076,0.147393,0.134075,0.100691,0.068395,0.168,0.058582,0.226336,0.156968,0.025811,0.172078,0.214612,cluster0
'Santarcangelo di Romagna',0.176736,0.832536,0.309578,0.172052,0,0,0.05851,0.110631,0.349257,0.345602,0.040622,0.084953,0.088,0.149627,0.359419,0.34665,0.140855,0.378571,0.579909,cluster7
Verucchio,0.131277,0.803828,0.002624,0.073918,0,0,0.011116,0.018313,0.121905,0.116077,0.179775,0.228942,0.060571,0.042164,0.167291,0.246304,0.212389,0.273377,0.598174,cluster0
Casteldelci,0.001675,0.994532,0.000492,0.000168,0,0,0.000859,0.002756,0.047335,0.001213,0.013397,0.102232,0.085714,0.004851,0.010778,0.058824,0.008112,0.042857,0.018265,cluster4
Maiolo,0.011031,0.784689,0.001066,0.000336,0,0,0.003187,0.009885,0,0.000202,0.197061,0.138229,0.033143,0,0.043112,0.044668,0.003687,0.106494,0.031963,cluster4
Novafeltria,0.060295,0.851675,0.005987,0.002618,0,0,0.006406,0.017757,0.176668,0.073407,0.074762,0.215263,0.233143,0.116418,0.134489,0.188109,0.087021,0.124026,0.045662,cluster0
Pennabilli,0.013189,0.861928,0.001558,0.000817,0,0,0.003189,0.010009,0.185698,0.018807,0.026361,0.294456,0.156571,0.149627,0.080131,0.129601,0.014749,0.211039,0.050228,cluster4
'San Leo',0.018441,0.773753,0.003444,0.001081,0,0,0.009405,0.029195,0.106175,0.042265,0.005618,0.236861,0.186286,0.039179,0.045455,0.080528,0.019912,0.105195,0.109589,cluster4
'Sant Agata Feltria',0.008453,0.901572,0.001394,0.000432,0,0,0.003129,0.009967,0.030294,0.121739,0.07822,0.067675,0.306286,0.077612,0.059981,0.120164,0.025074,0.088312,0.127854,cluster4
Talamello,0.036261,0.809296,0.000738,0.00048,0,0,0.000927,0.002395,0.003059,0.0182,0.053587,0.053996,0,0.002985,0.002343,0.029569,0.033923,0.038312,0.018265,cluster4
'Poggio Torriana',0.052809,0.822283,0.005495,0.002426,0,0,0.010375,0.028765,0.100058,0.077654,0.057476,0.112311,0.08,0.032463,0.098875,0.10475,0.015487,0.08961,0.077626,cluster4
'Montescudo-Monte Colombo',0.075352,0.817498,0.000738,0.000384,0,0,0.003733,0.009415,0.056219,0.236198,0.039758,0.106551,0.118857,0.070896,0.111528,0.1771,0.050885,0.152597,0.045662,cluster4
